{
  "xgb":{
    "rmse_x":11.6263363867,
    "rmse_z":4.702544417,
    "rmse_avg":8.1644404018
  },
  "mlp":{
    "rmse_x":15.2184236866,
    "rmse_z":3.6140840104,
    "rmse_avg":9.4162538485
  },
  "blend":{
    "rmse_x":12.2086495101,
    "rmse_z":3.679066885,
    "rmse_avg":7.9438581975
  },
  "rollout":{
    "rmse_x":13.042318912,
    "rmse_z":3.8204919262,
    "rmse_avg":8.4314054191
  }
}